url,type,gsc_impressions,gsc_avg_pos,gsc_clicks,bing_imps_30d,bing_clicks_30d,bing_last_crawl,bing_http,bing_index_state,backlinks,disposition,batch
/0-c-to-f,next,643,72.8,0,3,,2026/7/23,200,,0,Next页-维护,
/1-c-to-f,next,3,84.3,0,124,,2026/7/30,200,,0,Next页-观察,
/10-c-to-f,next,27,78.3,0,68,,2026/8/5,200,,0,Next页-观察,
/100-c-to-f,next,98,67.2,0,0,,2026/1/8,200,,0,Next页-观察,
/12-c-to-f,next,6,53.0,0,25,,2026/8/5,200,,0,Next页-观察,
/13-c-to-f,next,8,70.8,0,0,,2026/8/7,200,,0,Next页-观察,
/14-c-to-f,next,56,49.8,0,2,,2026/6/27,200,,0,Next页-观察,
/15-c-to-f,next,12,68.6,0,250,,2026/8/3,200,,0,Next页-观察,
/16-c-to-f,next,0,,0,311,,2026/8/15,200,,0,Next页-观察,
/160-c-to-f,next,655,52.4,0,119,,2026/7/17,200,,0,Next页-维护,
/17-c-to-f,next,0,,0,0,,2026/8/7,200,,0,Next页-观察,
/18-c-to-f,next,97,55.9,0,216,,2026/8/3,200,,0,Next页-观察,
/180-c-to-f,next,527,68.4,0,1188,,2026/8/9,200,,0,质量页-维护,
/19-c-to-f,next,0,,0,211,,2026/8/7,200,,0,Next页-观察,
/20-c-to-f,next,2590,65.1,0,1660,,2026/8/3,200,,0,Next页-维护,
/200-c-to-f,next,91,71.9,0,1885,,2026/8/9,200,已发现未爬网,0,待精做,"批1a-精做(标题已修,正文待重写)"
/21-c-to-f,next,626,59.6,0,5,,2026/7/12,200,,0,Next页-维护,
/22-c-to-f,next,517,52.7,0,0,,2026/8/7,200,,0,Next页-维护,
/23-c-to-f,next,1086,39.1,0,5,,2026/6/16,200,,0,Next页-维护,
/24-c-to-f,next,448,61.6,0,2,,2026/5/24,200,,0,Next页-维护,
/25-c-to-f,next,421,63.9,0,229,,2026/8/3,200,,0,Next页-维护,
/26-c-to-f,next,398,53.4,0,46,,2026/6/23,200,,0,Next页-维护,
/27-c-to-f,next,539,51.0,0,0,,2026/5/2,200,,0,Next页-维护,
/28-c-to-f,next,194,66.8,0,92,,2026/7/23,200,,0,Next页-维护,
/29-c-to-f,next,454,48.2,0,52,,2026/7/23,200,,0,Next页-维护,
/30-c-to-f,next,20,74.4,0,1253,,2026/8/13,200,,0,Next页-观察,
/31-c-to-f,next,48,47.9,0,10,,2026/7/23,200,,0,Next页-观察,
/32-c-to-f,next,5,55.4,0,150,,2026/8/2,200,,0,Next页-观察,
/33-c-to-f,next,0,,0,0,,2026/8/7,200,,0,Next页-观察,
/34-c-to-f,next,0,,0,20,,2026/6/25,200,,0,Next页-观察,
/35-c-to-f,next,4,68.0,0,8,,2026/6/15,200,,0,Next页-观察,
/36-1-c-to-f,next,328,37.9,0,528,,2026/8/14,200,,0,Next页-维护,
/36-3-c-to-f,next,0,,0,0,,,,,0,Next页-观察,
/36-4-c-to-f,next,2153,14.2,0,0,,,,已发现未爬网,0,Next页-维护,
/36-5-c-to-f,next,288,22.5,0,0,,,,,0,待精做,批3B-体温
/36-6-c-to-f,next,171,48.6,0,0,,,,,0,Next页-维护,
/36-c-to-f,next,1500,66.4,0,0,,,,,0,Next页-维护,
/37-2-c-to-f,next,0,,0,0,,,,,0,Next页-观察,
/37-5-c-to-f,next,532,60.0,0,0,,,,,0,Next页-维护,
/37-c-to-f,next,1091,69.1,0,0,,,,,0,Next页-维护,
/375-f-to-c,next,0,,0,0,,,,,0,质量页-维护,
/38-c-to-f,next,467,59.5,0,8,,2026/6/26,200,,2,Next页-维护,
/39-c-to-f,next,314,67.6,0,0,,2026/8/9,200,,0,Next页-维护,
/4-c-to-f,next,167,75.8,0,0,,,,,0,Next页-维护,
/40-c-to-f,next,87,49.7,0,0,,,,,0,Next页-观察,
/41-c-to-f,next,263,41.5,0,0,,,,,0,Next页-维护,
/47-c-to-f,next,306,55.8,0,0,,,,,0,Next页-维护,
/75-c-to-f,next,143,64.4,0,57,,2026/7/23,200,,0,Next页-维护,
/93-f-to-c,next,0,,0,0,,2026/8/8,200,,0,质量页-维护,
/about-us,next,3,77.7,0,0,,2026/8/3,200,,0,Next页-观察,
/body-temperature-chart-fever-guide,next,2730,81.8,0,715,,2026/8/3,200,已索引(压制),0,Next页-维护,
/c-to-f-calculator,next,101,77.2,0,6,,2026/8/3,200,,0,Next页-维护,
/c-to-f-formula,next,0,,0,545,,2026/8/3,200,,0,Next页-观察,
/celsius-to-fahrenheit-chart,next,1896,69.7,1,613,,2026/8/6,304,已发现未爬网,0,Next页-维护,
/fahrenheit-to-celsius,next,1892,86.2,1,0,,,,,0,Next页-维护,
/fan-oven-conversion-chart,next,2575,68.5,0,1623,,2026/8/10,200,已索引(压制),0,Next页-维护,
/fever-temperature-chart,next,1737,78.6,0,82,,2026/8/3,200,,0,Next页-维护,
/,next,1658,76.9,0,4459,,2026/8/8,200,已发现未爬网,0,Next页-维护,
/oven-temperature-conversion,next,0,,0,16,,2026/8/3,200,,0,质量页-维护,
/oven-to-air-fryer,next,0,,0,0,,2026/8/3,200,,0,质量页-维护,
/privacy-policy,next,0,,0,0,,2026/6/26,200,,0,Next页-观察,
/temperature-conversion-challenge,next,0,,0,0,,2026/8/3,200,,0,Next页-观察,
/terms-of-service,next,5,66.6,0,0,,2026/7/21,200,,0,Next页-观察,
/0-c-to-f.html,html,234,67.4,0,0,,,,,0,已迁移-301正常,
/1-c-to-f.html,html,445,65.0,0,0,,2026/5/22,301,,0,已迁移-301正常,
/10-c-to-f.html,html,1165,63.7,0,1,,2026/5/4,301,,0,已迁移-301正常,
/100-c-to-f.html,html,1,80.0,0,0,,,,,0,已迁移-301正常,
/105-c-to-f.html,html,3361,50.5,0,252,,2026/8/14,200,,0,待精做(先建新页再301),批2-精做
/12-c-to-f.html,html,53,50.2,0,0,,2026/7/29,301,,0,已迁移-301正常,
/120-c-to-f.html,html,1858,43.3,0,383,,2026/8/5,200,,0,待精做(先建新页再301),批2-精做
/13-c-to-f.html,html,1761,54.4,0,0,,,,,0,已迁移-301正常,
/14-c-to-f.html,html,1594,47.8,0,0,,,,,0,已迁移-301正常,
/15-c-to-f.html,html,1347,62.1,0,0,,2026/5/5,301,,0,已迁移-301正常,
/150-c-to-f.html,html,797,66.7,0,3,,2025/10/14,200,,0,待精做(先建新页再301),批4-观察
/16-c-to-f.html,html,1305,45.6,0,0,,2026/7/30,301,,0,已迁移-301正常,
/160-c-to-f.html,html,4741,47.9,0,1,,2026/5/27,301,,0,已迁移-301正常,
/17-c-to-f.html,html,178,46.1,0,0,,,,,0,已迁移-301正常,
/170-c-to-f.html,html,4422,39.0,0,184,,2026/8/7,200,,0,待精做(先建新页再301),Phase2-精做
/175-c-to-f.html,html,17811,12.6,0,222,,2026/7/28,304,已索引(压制),0,待精做(先建新页再301),批1c-单独验收
/18-c-to-f.html,html,1004,49.4,0,0,,2026/7/22,301,,0,已迁移-301正常,
/180-c-to-f.html,html,10057,58.6,1,0,,2026/8/8,301,,0,质量页-维护,
/19-c-to-f.html,html,715,51.2,0,0,,2026/6/30,301,,0,已迁移-301正常,
/190-c-to-f.html,html,287,37.3,0,82,,2026/8/13,304,,0,待精做(先建新页再301),批2-精做
/200-c-to-f.html,html,6721,52.8,0,0,,2026/8/9,301,已发现未爬网,0,已迁移-301正常,
/21-c-to-f.html,html,399,57.2,0,0,,,,,0,已迁移-301正常,
/210-c-to-f.html,html,1823,22.6,0,103,,2026/7/19,200,,0,待精做(先建新页再301),批1b-精做
/22-c-to-f.html,html,628,79.0,0,0,,,,,0,已迁移-301正常,
/220-c-to-f.html,html,667,60.5,0,42,,2025/10/12,200,,0,待精做(先建新页再301),批2-精做
/23-c-to-f.html,html,1420,56.3,0,0,,,,,0,已迁移-301正常,
/230-c-to-f.html,html,2237,25.2,1,38,,2026/8/3,200,,0,待精做(先建新页再301),批1b-精做
/24-c-to-f.html,html,394,73.5,0,0,,,,,0,已迁移-301正常,
/25-c-to-f.html,html,1021,61.9,0,0,,2026/4/3,301,,0,已迁移-301正常,
/250-c-to-f.html,html,610,48.6,0,0,,2025/9/25,200,,0,待精做(先建新页再301),按数据补批
/26-c-to-f.html,html,3163,44.7,1,0,,,,,0,已迁移-301正常,
/27-c-to-f.html,html,900,45.1,0,0,,,,,0,已迁移-301正常,
/28-c-to-f.html,html,876,54.5,0,0,,,,,0,已迁移-301正常,
/29-c-to-f.html,html,986,37.9,0,0,,,,,0,已迁移-301正常,
/30-c-to-f.html,html,5659,59.8,0,3,,2026/3/20,301,,0,已迁移-301正常,
/31-c-to-f.html,html,989,42.3,0,0,,2026/3/30,200,,1,已迁移-301正常,
/32-c-to-f.html,html,2186,55.8,0,0,,2026/5/9,301,,0,已迁移-301正常,
/33-c-to-f.html,html,1192,53.6,0,0,,,,,0,已迁移-301正常,
/35-c-to-f.html,html,3599,57.8,0,0,,,,,0,已迁移-301正常,
/36-1-c-to-f.html,html,688,30.7,0,0,,2026/6/4,301,,0,已迁移-301正常,
/36-2-c-to-f.html,html,299,40.2,0,0,,,,,0,待精做(先建新页再301),按数据补批
/36-3-c-to-f.html,html,157,29.3,0,0,,,,,0,已迁移-301正常,
/36-4-c-to-f.html,html,644,19.5,0,0,,,,,0,已迁移-301正常,
/36-5-c-to-f.html,html,7,77.1,0,0,,,,,0,已迁移-301正常,
/36-6-c-to-f.html,html,159,56.0,0,0,,,,,0,已迁移-301正常,
/36-7-c-to-f.html,html,3016,34.0,0,1188,,2026/7/29,200,,0,待精做(先建新页再301),批3B-体温
/36-8-c-to-f.html,html,9,45.7,0,645,,2026/7/28,304,,0,低价值-观察,
/36-9-c-to-f.html,html,585,18.0,0,0,,,,,0,待精做(先建新页再301),批3B-体温
/36-c-to-f.html,html,705,56.2,0,0,,,,,0,已迁移-301正常,
/37-1-c-to-f.html,html,159,40.7,1,0,,2026/8/6,200,,0,待精做(先建新页再301),按数据补批
/37-3-c-to-f.html,html,5,5.0,0,0,,,,,0,低价值-观察,
/37-4-c-to-f.html,html,485,55.3,0,0,,,,,0,待精做(先建新页再301),按数据补批
/37-6-c-to-f.html,html,434,36.9,0,0,,,,,0,待精做(先建新页再301),批3B-体温
/37-7-c-to-f.html,html,2,1.0,0,0,,,,,0,低价值-观察,
/37-c-to-f.html,html,849,57.9,0,0,,,,,0,已迁移-301正常,
/38-1-c-to-f.html,html,643,33.4,0,0,,,,,0,待精做(先建新页再301),按数据补批
/38-2-c-to-f.html,html,429,44.2,0,593,,2026/7/31,304,,0,待精做(先建新页再301),按数据补批
/38-4-c-to-f.html,html,1174,36.2,0,308,,2026/7/12,200,,0,待精做(先建新页再301),批3B-体温
/38-5-c-to-f.html,html,528,56.9,0,0,,,,,0,待精做(先建新页再301),按数据补批
/38-c-to-f.html,html,3014,66.8,0,0,,,,,0,已迁移-301正常,
/39-c-to-f.html,html,5341,53.5,0,0,,,,,0,已迁移-301正常,
/40-c-to-f.html,html,7067,59.4,0,0,,,,,0,已迁移-301正常,
/404.html,html,0,,0,0,,,,,0,瘦身候选-批1,
/41-c-to-f.html,html,311,39.5,0,0,,,,,0,已迁移-301正常,
/42-c-to-f.html,html,3008,43.0,0,38,,2026/8/3,200,,0,待精做(先建新页再301),按数据补批
/43-c-to-f.html,html,460,53.0,0,346,,2025/10/12,200,,0,待精做(先建新页再301),按数据补批
/44-c-to-f.html,html,2300,40.3,0,42,,2026/7/8,200,,0,待精做(先建新页再301),批4-观察
/45-c-to-f.html,html,501,48.2,0,728,,2026/7/30,200,,0,待精做(先建新页再301),批1a-精做
/46-c-to-f.html,html,1672,35.2,0,81,,2026/8/1,200,,0,待精做(先建新页再301),按数据补批
/48-c-to-f.html,html,1439,20.0,0,0,,,,,0,待精做(先建新页再301),批2-精做
/60-c-to-f.html,html,1789,52.8,0,29,,2026/8/7,200,,0,待精做(先建新页再301),批2-精做
/73-c-to-f.html,html,755,41.5,0,102,,2026/6/24,200,,0,待精做(先建新页再301),按数据补批
/74-c-to-f.html,html,54,35.2,0,0,,,,,0,低价值-观察,
/76-c-to-f.html,html,931,29.7,0,5,,2026/8/3,200,,0,待精做(先建新页再301),批4-观察
/90-c-to-f.html,html,116,71.0,0,0,,2026/8/9,200,,0,待精做(先建新页再301),批4-观察
/about-us.html,html,2,54.5,0,0,,2026/7/1,301,,0,已迁移-301正常,
/google4cefee41ce49f67b.html,html,0,,0,0,,,,,0,瘦身候选-批1,
/privacy-policy.html,html,0,,0,0,,,,,0,已迁移-301正常,
/terms-of-service.html,html,4,30.3,0,0,,,,,0,已迁移-301正常,
/yandex_d90a9227b76db4af.html,html,0,,0,0,,,,,0,瘦身候选-批1,
http://ctofconverter.com,redirect/404,0,,0,0,,2026/7/7,308,,0,历史重定向-保持现状,
/17-celsius-to-fahrenheit-convertor,redirect/404,0,,0,0,,2025/2/25,308,,0,历史重定向-保持现状,
/31-celsius-to-fahrenheit-convertor,redirect/404,0,,0,0,,2025/3/22,308,,0,历史重定向-保持现状,
/contact-us,redirect/404,0,,0,0,,2025/10/24,404,,0,"404-外部指向,保持现状",
/14-celsius-to-fahrenheit-convertor,redirect/404,0,,0,0,,2025/10/19,301,,0,历史重定向-保持现状,
/12-celsius-to-fahrenheit-convertor,redirect/404,0,,0,0,,2025/3/26,308,,0,历史重定向-保持现状,
/1-1-celsius-to-fahrenheit-convertor,redirect/404,0,,0,0,,2025/11/25,308,,0,历史重定向-保持现状,
/11-celsius-to-fahrenheit-convertor,redirect/404,0,,0,0,,2025/4/4,301,,0,历史重定向-保持现状,
/.html,redirect/404,0,,0,0,,2025/10/27,404,,0,"404-外部指向,保持现状",
/formula,redirect/404,0,,0,0,,2026/4/22,301,,0,历史重定向-保持现状,
/13-celsius-to-fahrenheit-convertor,redirect/404,0,,0,0,,2025/11/19,301,,0,历史重定向-保持现状,
/about,redirect/404,0,,0,0,,2026/7/25,301,,0,历史重定向-保持现状,
/index2.html,redirect/404,0,,0,0,,2026/6/17,301,,0,瘦身候选-批1,
/oven-temperature-chart,redirect/404,0,,0,0,,2026/8/2,308,,0,历史重定向-保持现状,
/child-fever-guide,redirect/404,0,,0,0,,2026/8/17,404,,0,"404-外部指向,保持现状",
/1-2-celsius-to-fahrenheit-convertor,redirect/404,0,,0,0,,2025/5/4,301,,0,历史重定向-保持现状,
/body-temperature-conversion-chart,redirect/404,0,,0,0,,2026/6/19,308,,0,历史重定向-保持现状,
/18-celsius-to-fahrenheit-convertor,redirect/404,0,,0,0,,2026/5/1,301,,0,历史重定向-保持现状,
/downloads/celsius-to-fahrenheit-chart.pdf,gsc-only,531,69.7,1,0,,,,,0,其他,
/id/0-c-to-f,gsc-only,6,7.8,0,0,,,,,0,语言页-保留不动,
/pt-br/0-c-to-f,gsc-only,10,60.8,0,0,,,,,0,语言页-保留不动,
/celsius-to-fahrenheit-chart/,gsc-only,4393,70.4,0,0,,,,,0,其他,
/fr,gsc-only,229,81.0,0,0,,,,,0,语言页-保留不动,
/de/0-c-to-f,gsc-only,14,58.5,0,0,,,,,0,语言页-保留不动,
/es/0-c-to-f,gsc-only,14,61.1,0,0,,,,,0,语言页-保留不动,
/fahrenheit-to-celsius/,gsc-only,498,86.7,0,0,,,,,0,其他,
/es/fahrenheit-to-celsius,gsc-only,491,79.0,0,0,,,,,0,语言页-保留不动,
/zh/0-c-to-f,gsc-only,2,53.5,0,0,,,,,0,语言页-保留不动,
/id/fahrenheit-to-celsius,gsc-only,9,58.9,0,0,,,,,0,语言页-保留不动,
/de/fahrenheit-to-celsius,gsc-only,209,72.5,0,0,,,,,0,语言页-保留不动,
/es/10-c-to-f,gsc-only,1,68.0,0,0,,,,,0,语言页-保留不动,
/zh/10-c-to-f,gsc-only,1,47.0,0,0,,,,,0,语言页-保留不动,
/fahrenheit-to-celsius/100-f-to-c.html,gsc-only,1854,74.0,0,0,,,,,0,待精做(先建新页再301),按数据补批
/id,gsc-only,25,78.5,0,0,,,,,0,语言页-保留不动,
/body-temperature-chart-fever-guide/,gsc-only,335,76.4,0,0,,,,,0,其他,
/de,gsc-only,57,76.4,0,0,,,,,0,语言页-保留不动,
/fahrenheit-to-celsius/110-f-to-c.html,gsc-only,2255,49.7,0,0,,,,,0,待精做(先建新页再301),按数据补批
/fever-temperature-chart/,gsc-only,202,88.4,0,0,,,,,0,其他,
/es/fever-temperature-chart,gsc-only,44,68.4,0,0,,,,,0,语言页-保留不动,
/de/38-c-to-f,gsc-only,9,56.2,0,0,,,,,0,语言页-保留不动,
/ja/38-c-to-f,gsc-only,3,10.3,0,0,,,,,0,语言页-保留不动,
/zh/100-c-to-f,gsc-only,2,45.0,0,0,,,,,0,语言页-保留不动,
/fahrenheit-to-celsius/102-f-to-c.html,gsc-only,605,48.0,0,0,,,,,0,待精做(先建新页再301),按数据补批
/fahrenheit-to-celsius/103-f-to-c.html,gsc-only,2036,41.9,0,0,,,,,0,待精做(先建新页再301),按数据补批
/es/39-c-to-f,gsc-only,13,71.3,0,0,,,,,0,语言页-保留不动,
/pt-br/40-c-to-f,gsc-only,15,51.3,0,0,,,,,0,语言页-保留不动,
/de/40-c-to-f,gsc-only,3,62.0,0,0,,,,,0,语言页-保留不动,
/fahrenheit-to-celsius/105-f-to-c.html,gsc-only,2,9.5,0,0,,,,,0,低价值-观察,
/es/41-c-to-f,gsc-only,6,28.2,0,0,,,,,0,语言页-保留不动,
/fr/12-c-to-f,gsc-only,1,26.0,0,0,,,,,0,语言页-保留不动,
/de/12-c-to-f,gsc-only,4,54.3,0,0,,,,,0,语言页-保留不动,
/de/120-c-to-f.html,gsc-only,36,27.8,0,0,,,,,0,语言页-保留不动,
/de/13-c-to-f,gsc-only,4,75.3,0,0,,,,,0,语言页-保留不动,
/es/14-c-to-f,gsc-only,3,47.0,0,0,,,,,0,语言页-保留不动,
/fan-oven-conversion-chart/,gsc-only,3916,67.9,0,0,,,,,0,其他,
/id/15-c-to-f,gsc-only,1,10.0,0,0,,,,,0,语言页-保留不动,
/zh/15-c-to-f,gsc-only,1,10.0,0,0,,,,,0,语言页-保留不动,
/es/160-c-to-f,gsc-only,24,38.3,0,0,,,,,0,语言页-保留不动,
/de/160-c-to-f,gsc-only,10,47.5,0,0,,,,,0,语言页-保留不动,
/fr/160-c-to-f,gsc-only,7,12.9,0,0,,,,,0,语言页-保留不动,
/pt-br/160-c-to-f,gsc-only,16,20.0,0,0,,,,,0,语言页-保留不动,
/id/160-c-to-f,gsc-only,2,9.5,0,0,,,,,0,语言页-保留不动,
/zh/160-c-to-f,gsc-only,8,14.1,0,0,,,,,0,语言页-保留不动,
/ja/160-c-to-f,gsc-only,6,8.3,0,0,,,,,0,语言页-保留不动,
/zh/180-c-to-f,gsc-only,69,11.6,0,0,,,,,0,语言页-保留不动,
/es/18-c-to-f,gsc-only,15,50.9,0,0,,,,,0,语言页-保留不动,
/id/18-c-to-f,gsc-only,1,57.0,0,0,,,,,0,语言页-保留不动,
/pt-br/18-c-to-f,gsc-only,3,29.3,0,0,,,,,0,语言页-保留不动,
/es/180-c-to-f,gsc-only,156,60.5,0,0,,,,,0,语言页-保留不动,
/de/180-c-to-f,gsc-only,2,74.0,0,0,,,,,0,语言页-保留不动,
/id/180-c-to-f,gsc-only,8,12.3,0,0,,,,,0,语言页-保留不动,
/pt-br/180-c-to-f,gsc-only,5,40.0,0,0,,,,,0,语言页-保留不动,
/ar/180-c-to-f,gsc-only,8,21.6,0,0,,,,,0,语言页-保留不动,
/ja,gsc-only,127,78.4,0,0,,,,,0,语言页-保留不动,
/ja/180-c-to-f,gsc-only,27,7.4,0,0,,,,,0,语言页-保留不动,
/zh/c-to-f-formula,gsc-only,3,74.7,0,0,,,,,0,语言页-保留不动,
/fahrenheit-to-celsius/190-f-to-c.html,gsc-only,570,38.4,0,0,,,,,0,待精做(先建新页再301),按数据补批
/20-c-to-f.html,gsc-only,533,84.6,0,0,,,,,0,已迁移-301正常,
/es/20-c-to-f,gsc-only,38,62.6,0,0,,,,,0,语言页-保留不动,
/de/20-c-to-f,gsc-only,1,61.0,0,0,,,,,0,语言页-保留不动,
/pt-br/20-c-to-f,gsc-only,4,52.0,0,0,,,,,0,语言页-保留不动,
/de/,gsc-only,21,74.1,0,0,,,,,0,语言页-保留不动,
/fr/,gsc-only,17,66.2,0,0,,,,,0,语言页-保留不动,
/es/200-c-to-f,gsc-only,35,69.3,0,0,,,,,0,语言页-保留不动,
/zh/200-c-to-f,gsc-only,58,17.7,0,0,,,,,0,语言页-保留不动,
/fr/200-c-to-f,gsc-only,1,78.0,0,0,,,,,0,语言页-保留不动,
/id/200-c-to-f,gsc-only,4,29.8,0,0,,,,,0,语言页-保留不动,
/pt-br/200-c-to-f,gsc-only,5,56.2,0,0,,,,,0,语言页-保留不动,
/de/200-c-to-f,gsc-only,1,87.0,0,0,,,,,0,语言页-保留不动,
/ar/200-c-to-f,gsc-only,37,7.1,0,0,,,,,0,语言页-保留不动,
/ja/200-c-to-f,gsc-only,9,20.0,0,0,,,,,0,语言页-保留不动,
/zh/20-c-to-f,gsc-only,1,49.0,0,0,,,,,0,语言页-保留不动,
/fr/21-c-to-f,gsc-only,5,44.8,0,0,,,,,0,语言页-保留不动,
/de/21-c-to-f,gsc-only,2,41.5,0,0,,,,,0,语言页-保留不动,
/es/21-c-to-f,gsc-only,3,38.0,0,0,,,,,0,语言页-保留不动,
/ja/21-c-to-f,gsc-only,4,7.0,0,0,,,,,0,语言页-保留不动,
/zh/21-c-to-f,gsc-only,5,10.2,0,0,,,,,0,语言页-保留不动,
/es/22-c-to-f,gsc-only,4,40.5,0,0,,,,,0,语言页-保留不动,
/zh/22-c-to-f,gsc-only,8,13.9,0,0,,,,,0,语言页-保留不动,
/fr/22-c-to-f,gsc-only,3,76.7,0,0,,,,,0,语言页-保留不动,
/de/22-c-to-f,gsc-only,2,28.0,0,0,,,,,0,语言页-保留不动,
/es/23-c-to-f,gsc-only,8,63.8,0,0,,,,,0,语言页-保留不动,
/de/23-c-to-f,gsc-only,4,27.8,0,0,,,,,0,语言页-保留不动,
/ja/23-c-to-f,gsc-only,1,9.0,0,0,,,,,0,语言页-保留不动,
/zh/23-c-to-f,gsc-only,1,11.0,0,0,,,,,0,语言页-保留不动,
/fr/24-c-to-f,gsc-only,1,24.0,0,0,,,,,0,语言页-保留不动,
/es/24-c-to-f,gsc-only,13,46.2,0,0,,,,,0,语言页-保留不动,
/zh/24-c-to-f,gsc-only,12,11.2,0,0,,,,,0,语言页-保留不动,
/id/25-c-to-f,gsc-only,1,86.0,0,0,,,,,0,语言页-保留不动,
/de/25-c-to-f,gsc-only,2,68.0,0,0,,,,,0,语言页-保留不动,
/es/25-c-to-f,gsc-only,8,62.1,0,0,,,,,0,语言页-保留不动,
/fr/25-c-to-f,gsc-only,2,17.5,0,0,,,,,0,语言页-保留不动,
/es/26-c-to-f,gsc-only,17,39.4,0,0,,,,,0,语言页-保留不动,
/fr/26-c-to-f,gsc-only,5,11.6,0,0,,,,,0,语言页-保留不动,
/id/26-c-to-f,gsc-only,1,26.0,0,0,,,,,0,语言页-保留不动,
/ja/26-c-to-f,gsc-only,1,10.0,0,0,,,,,0,语言页-保留不动,
/zh/26-c-to-f,gsc-only,3,44.0,0,0,,,,,0,语言页-保留不动,
/es/27-c-to-f,gsc-only,8,34.4,0,0,,,,,0,语言页-保留不动,
/fr/27-c-to-f,gsc-only,1,11.0,0,0,,,,,0,语言页-保留不动,
/zh/28-c-to-f,gsc-only,4,10.3,0,0,,,,,0,语言页-保留不动,
/de/28-c-to-f,gsc-only,1,32.0,0,0,,,,,0,语言页-保留不动,
/de/29-c-to-f,gsc-only,3,35.3,0,0,,,,,0,语言页-保留不动,
/fr/29-c-to-f,gsc-only,3,31.3,0,0,,,,,0,语言页-保留不动,
/es/29-c-to-f,gsc-only,1,10.0,0,0,,,,,0,语言页-保留不动,
/zh/29-c-to-f,gsc-only,3,10.7,0,0,,,,,0,语言页-保留不动,
/fr/30-c-to-f,gsc-only,13,37.2,0,0,,,,,0,语言页-保留不动,
/zh/30-c-to-f,gsc-only,2,15.5,0,0,,,,,0,语言页-保留不动,
/de/30-c-to-f,gsc-only,6,18.2,0,0,,,,,0,语言页-保留不动,
/es/30-c-to-f,gsc-only,5,50.8,0,0,,,,,0,语言页-保留不动,
/de/32-c-to-f,gsc-only,1,21.0,0,0,,,,,0,语言页-保留不动,
/es/32-c-to-f,gsc-only,8,74.1,0,0,,,,,0,语言页-保留不动,
/es/33-c-to-f,gsc-only,7,40.0,0,0,,,,,0,语言页-保留不动,
/fr/33-c-to-f,gsc-only,3,73.7,0,0,,,,,0,语言页-保留不动,
/de/33-c-to-f,gsc-only,7,70.4,0,0,,,,,0,语言页-保留不动,
/es/34-c-to-f,gsc-only,7,49.9,0,0,,,,,0,语言页-保留不动,
/zh/34-c-to-f,gsc-only,1,12.0,0,0,,,,,0,语言页-保留不动,
/fr/35-c-to-f,gsc-only,1,14.0,0,0,,,,,0,语言页-保留不动,
/es/35-c-to-f,gsc-only,3,75.3,0,0,,,,,0,语言页-保留不动,
/pt-br/35-c-to-f,gsc-only,2,57.5,0,0,,,,,0,语言页-保留不动,
/pt-br/body-temperature-chart-fever-guide,gsc-only,41,82.4,0,0,,,,,0,语言页-保留不动,
/ar/fahrenheit-to-celsius,gsc-only,29,60.2,0,0,,,,,0,语言页-保留不动,
/zh/35-c-to-f,gsc-only,5,17.0,0,0,,,,,0,语言页-保留不动,
/fr/36-5-c-to-f,gsc-only,6,61.5,0,0,,,,,0,语言页-保留不动,
/es/36-c-to-f,gsc-only,12,40.8,0,0,,,,,0,语言页-保留不动,
/fahrenheit-to-celsius/36-f-to-c.html,gsc-only,69,50.9,0,0,,,,,0,低价值-观察,
/fr/36-c-to-f,gsc-only,1,86.0,0,0,,,,,0,语言页-保留不动,
/es/36-1-c-to-f,gsc-only,37,45.3,0,0,,,,,0,语言页-保留不动,
/fr/36-1-c-to-f,gsc-only,14,62.9,0,0,,,,,0,语言页-保留不动,
/id/36-1-c-to-f,gsc-only,2,10.0,0,0,,,,,0,语言页-保留不动,
/pt-br/36-1-c-to-f,gsc-only,9,77.9,0,0,,,,,0,语言页-保留不动,
/es/36-3-c-to-f,gsc-only,8,53.4,0,0,,,,,0,语言页-保留不动,
/fr/36-3-c-to-f,gsc-only,1,56.0,0,0,,,,,0,语言页-保留不动,
/id/36-3-c-to-f,gsc-only,2,9.0,0,0,,,,,0,语言页-保留不动,
/ar/36-4-c-to-f,gsc-only,12,5.5,0,0,,,,,0,语言页-保留不动,
/pt-br/36-4-c-to-f,gsc-only,2,12.5,0,0,,,,,0,语言页-保留不动,
/es/36-4-c-to-f,gsc-only,2,82.0,0,0,,,,,0,语言页-保留不动,
/de/36-5-c-to-f,gsc-only,3,78.3,0,0,,,,,0,语言页-保留不动,
/id/36-5-c-to-f,gsc-only,2,8.0,0,0,,,,,0,语言页-保留不动,
/ja/36-6-c-to-f,gsc-only,1,3.0,0,0,,,,,0,语言页-保留不动,
/es/36-6-c-to-f,gsc-only,3,43.3,0,0,,,,,0,语言页-保留不动,
/id/,gsc-only,3,24.3,0,0,,,,,0,语言页-保留不动,
/es,gsc-only,110,76.2,0,0,,,,,0,语言页-保留不动,
/es/37-c-to-f,gsc-only,9,60.6,0,0,,,,,0,语言页-保留不动,
/pt-br/37-c-to-f,gsc-only,4,54.3,0,0,,,,,0,语言页-保留不动,
/id/37-c-to-f,gsc-only,4,12.3,0,0,,,,,0,语言页-保留不动,
/ar/37-2-c-to-f,gsc-only,1,23.0,0,0,,,,,0,语言页-保留不动,
/fr/37-2-c-to-f,gsc-only,3,80.0,0,0,,,,,0,语言页-保留不动,
/es/37-2-c-to-f,gsc-only,1,48.0,0,0,,,,,0,语言页-保留不动,
/fr/37-5-c-to-f,gsc-only,14,44.6,0,0,,,,,0,语言页-保留不动,
/de/37-5-c-to-f,gsc-only,2,65.0,0,0,,,,,0,语言页-保留不动,
/zh/37-5-c-to-f,gsc-only,9,17.3,0,0,,,,,0,语言页-保留不动,
/es/37-5-c-to-f,gsc-only,3,79.3,0,0,,,,,0,语言页-保留不动,
/ja/37-5-c-to-f,gsc-only,6,7.8,0,0,,,,,0,语言页-保留不动,
/ja/37-c-to-f,gsc-only,2,12.0,0,0,,,,,0,语言页-保留不动,
/zh/37-c-to-f,gsc-only,6,23.5,0,0,,,,,0,语言页-保留不动,
/fr/38-c-to-f,gsc-only,4,53.0,0,0,,,,,0,语言页-保留不动,
/es/38-c-to-f,gsc-only,13,59.8,0,0,,,,,0,语言页-保留不动,
/zh/36-1-c-to-f,gsc-only,1,48.0,0,0,,,,,0,语言页-保留不动,
/zh/38-c-to-f,gsc-only,1,25.0,0,0,,,,,0,语言页-保留不动,
/zh/body-temperature-chart-fever-guide,gsc-only,15,51.7,0,0,,,,,0,语言页-保留不动,
/fr/39-c-to-f,gsc-only,4,46.8,0,0,,,,,0,语言页-保留不动,
/fahrenheit-to-celsius/39-f-to-c.html,gsc-only,233,35.4,0,0,,,,,0,待精做(先建新页再301),按数据补批
/pt-br/39-c-to-f,gsc-only,3,11.7,0,0,,,,,0,语言页-保留不动,
/zh/40-c-to-f,gsc-only,3,30.3,0,0,,,,,0,语言页-保留不动,
/zh/39-c-to-f,gsc-only,2,10.5,0,0,,,,,0,语言页-保留不动,
/es/4-c-to-f,gsc-only,4,81.3,0,0,,,,,0,语言页-保留不动,
/hi/4-c-to-f,gsc-only,1,9.0,0,0,,,,,0,语言页-保留不动,
/fr/4-c-to-f,gsc-only,1,85.0,0,0,,,,,0,语言页-保留不动,
/fr/40-c-to-f,gsc-only,16,37.1,0,0,,,,,0,语言页-保留不动,
/es/40-c-to-f,gsc-only,21,65.3,0,0,,,,,0,语言页-保留不动,
/id/40-c-to-f,gsc-only,1,11.0,0,0,,,,,0,语言页-保留不动,
/fr/41-c-to-f,gsc-only,5,49.0,0,0,,,,,0,语言页-保留不动,
/pt-br/41-c-to-f,gsc-only,5,23.6,0,0,,,,,0,语言页-保留不动,
/ja/41-c-to-f,gsc-only,1,9.0,0,0,,,,,0,语言页-保留不动,
/fr/45-c-to-f.html,gsc-only,2,55.5,0,0,,,,,0,语言页-保留不动,
/de/47-c-to-f,gsc-only,32,54.2,0,0,,,,,0,语言页-保留不动,
/es/47-c-to-f,gsc-only,25,53.2,0,0,,,,,0,语言页-保留不动,
/id/47-c-to-f,gsc-only,3,9.7,0,0,,,,,0,语言页-保留不动,
/ar/47-c-to-f,gsc-only,10,50.0,0,0,,,,,0,语言页-保留不动,
/ja/47-c-to-f,gsc-only,1,10.0,0,0,,,,,0,语言页-保留不动,
/zh/47-c-to-f,gsc-only,3,11.0,0,0,,,,,0,语言页-保留不动,
/es/75-c-to-f,gsc-only,14,50.4,0,0,,,,,0,语言页-保留不动,
/id/75-c-to-f,gsc-only,4,7.5,0,0,,,,,0,语言页-保留不动,
/fr/75-c-to-f,gsc-only,12,58.3,0,0,,,,,0,语言页-保留不动,
/pt-br/75-c-to-f,gsc-only,3,67.3,0,0,,,,,0,语言页-保留不动,
/ar/75-c-to-f,gsc-only,2,17.0,0,0,,,,,0,语言页-保留不动,
/zh/celsius-to-fahrenheit-chart,gsc-only,2,84.5,0,0,,,,,0,语言页-保留不动,
/zh/36-6-c-to-f,gsc-only,1,12.0,0,0,,,,,0,语言页-保留不动,
/zh/37-2-c-to-f,gsc-only,1,96.0,0,0,,,,,0,语言页-保留不动,
/id/37-5-c-to-f,gsc-only,2,8.5,0,0,,,,,0,语言页-保留不动,
/es/body-temperature-chart-fever-guide,gsc-only,45,72.8,0,0,,,,,0,语言页-保留不动,
/pt-br/fan-oven-conversion-chart,gsc-only,6,70.2,0,0,,,,,0,语言页-保留不动,
/hi/fever-temperature-chart,gsc-only,4,74.3,0,0,,,,,0,语言页-保留不动,
/es/c-to-f-calculator,gsc-only,3,96.0,0,0,,,,,0,语言页-保留不动,
/pt-br/c-to-f-formula,gsc-only,48,76.0,0,0,,,,,0,语言页-保留不动,
/de/c-to-f-formula,gsc-only,8,59.6,0,0,,,,,0,语言页-保留不动,
/c-to-f-calculator/,gsc-only,63,85.2,0,0,,,,,0,其他,
/downloads/fever-temperature-chart.pdf,gsc-only,19,84.8,0,0,,,,,0,其他,
/es/c-to-f-formula,gsc-only,63,72.1,0,0,,,,,0,语言页-保留不动,
/es/celsius-to-fahrenheit-chart,gsc-only,17,67.7,0,0,,,,,0,语言页-保留不动,
/de/c-to-f-calculator,gsc-only,4,71.3,0,0,,,,,0,语言页-保留不动,
/de/celsius-to-fahrenheit-chart/,gsc-only,2,93.5,0,0,,,,,0,语言页-保留不动,
/fr/c-to-f-formula,gsc-only,3,50.7,0,0,,,,,0,语言页-保留不动,
/c-to-f-formula/,gsc-only,18,66.6,0,0,,,,,0,其他,
/es/,gsc-only,3,83.3,0,0,,,,,0,语言页-保留不动,
/pt-br,gsc-only,4,79.0,0,0,,,,,0,语言页-保留不动,
/zh/,gsc-only,3,92.0,0,0,,,,,0,语言页-保留不动,
/es/fan-oven-conversion-chart,gsc-only,2,93.0,0,0,,,,,0,语言页-保留不动,
/ja/fahrenheit-to-celsius,gsc-only,20,84.7,0,0,,,,,0,语言页-保留不动,
/de/fever-temperature-chart,gsc-only,23,60.5,0,0,,,,,0,语言页-保留不动,
/id/24-c-to-f,gsc-only,8,8.8,0,0,,,,,0,语言页-保留不动,
/id/28-c-to-f,gsc-only,8,6.3,0,0,,,,,0,语言页-保留不动,
/id/31-c-to-f,gsc-only,1,2.0,0,0,,,,,0,语言页-保留不动,
/id/c-to-f-formula,gsc-only,5,61.6,0,0,,,,,0,语言页-保留不动,
/ar/20-c-to-f,gsc-only,2,10.5,0,0,,,,,0,语言页-保留不动,
/id/body-temperature-chart-fever-guide,gsc-only,1,74.0,0,0,,,,,0,语言页-保留不动,
/de/1-c-to-f,gsc-only,2,76.0,0,0,,,,,0,语言页-保留不动,
/ar/celsius-to-fahrenheit-chart,gsc-only,2,78.0,0,0,,,,,0,语言页-保留不动,
/ar/c-to-f-calculator,gsc-only,2,36.5,0,0,,,,,0,语言页-保留不动,
/ar/fan-oven-conversion-chart,gsc-only,1,35.0,0,0,,,,,0,语言页-保留不动,
/ja/fan-oven-conversion-chart,gsc-only,2,12.5,0,0,,,,,0,语言页-保留不动,
/ja/c-to-f-formula,gsc-only,6,85.0,0,0,,,,,0,语言页-保留不动,
/ja/celsius-to-fahrenheit-chart/,gsc-only,6,88.0,0,0,,,,,0,语言页-保留不动,
/zh/fahrenheit-to-celsius,gsc-only,1,51.0,0,0,,,,,0,语言页-保留不动,
/ja/,gsc-only,7,96.3,0,0,,,,,0,语言页-保留不动,
/ja/body-temperature-chart-fever-guide,gsc-only,2,65.0,0,0,,,,,0,语言页-保留不动,
/zh,gsc-only,19,85.1,0,0,,,,,0,语言页-保留不动,
/zh/c-to-f-calculator,gsc-only,1,76.0,0,0,,,,,0,语言页-保留不动,
/ja/10-c-to-f,gsc-only,1,81.0,0,0,,,,,0,语言页-保留不动,
/zh/75-c-to-f,gsc-only,3,86.7,0,0,,,,,0,语言页-保留不动,